{
  "first_mean": 231.80599999999998,
  "first_std": 59.08406189197873,
  "last_mean": 185.0,
  "last_std": 20.48263805124871,
  "time_improvement": 20.191884593151162,
  "variability_improvement": 65.33305701172614,
  "first_cv": 25.488581784759123,
  "last_cv": 11.071696243918222,
  "first_samples": 30,
  "last_samples": 27,
  "p_value": 0.00025772864105215107,
  "first_mean_min": 3.863433333333333,
  "last_mean_min": 3.0833333333333335
}