{
  "model_type": "RandomForest",
  "r2_score": 0.616007179585772,
  "training_samples": 92,
  "feature_count": 10,
  "training_date": "2025-08-21T22:15:05.020474",
  "target_range": [
    3.0,
    71.78
  ],
  "target_mean": 42.92358695652174,
  "target_std": 17.72237305703091
}