{
  "model_performance": {
    "r2_score": 0.9182550641988603,
    "mae": 3.674812514151005,
    "rmse": 5.039402943054658,
    "mean_residual": 0.007886733301421615,
    "std_residual": 5.039396771629099
  },
  "prediction_distribution": {
    "min": 11.767865932539685,
    "max": 68.96173681637808,
    "mean": 42.91570022322032,
    "std": 15.326660984747422,
    "percentiles": {
      "25": 27.65359398809524,
      "50": 44.78813453046952,
      "75": 52.93945894983487,
      "90": 63.67335990999281,
      "95": 66.19404286904759
    }
  },
  "feature_importance": {
    "baseline_env_EnvT": 0.3625416054553993,
    "before_turn_on_env_InH": 0.14494698096810552,
    "baseline_env_EnvH": 0.14335572621869222,
    "wait_time": 0.07525322247130034,
    "before_turn_on_env_IrO": 0.07233690150878568,
    "before_turn_on_env_InT": 0.05892006980133676,
    "before_turn_on_env_IrA": 0.050843362217829896,
    "duration_cc_flow": 0.0392199255055966,
    "iteration_since_maintenance": 0.03770752686722159,
    "cook_time": 0.014874678985732165
  },
  "data_quality": {
    "training_samples": 92,
    "feature_count": 10,
    "missing_values": 0,
    "target_range": [
      3.0,
      71.78
    ],
    "target_outliers": 10
  }
}